{
  "best_model": "random_forest",
  "available_models": [
    "logistic_regression",
    "random_forest",
    "xgboost"
  ],
  "val_metrics": {
    "roc_auc": 0.6475467700631437,
    "f1": 0.2585973869950443,
    "precision": 0.17376387487386477,
    "recall": 0.5052816901408451,
    "accuracy": 0.676580412708811,
    "avg_precision": 0.21443348193030548
  },
  "test_metrics": {
    "roc_auc": 0.6486888664781255,
    "f1": 0.25984486873508356,
    "precision": 0.1742,
    "recall": 0.511150234741784,
    "accuracy": 0.6749426793318047,
    "avg_precision": 0.20567243090918647
  },
  "all_results": {
    "logistic_regression": {
      "val_metrics": {
        "roc_auc": 0.6382221629064013,
        "f1": 0.24918032786885247,
        "precision": 0.16456411221992093,
        "recall": 0.5129107981220657,
        "accuracy": 0.6549623321323289,
        "avg_precision": 0.20214645641500673
      },
      "test_metrics": {
        "roc_auc": 0.6450053713129996,
        "f1": 0.256114703401743,
        "precision": 0.16839186691312386,
        "recall": 0.5346244131455399,
        "accuracy": 0.6533245987553227,
        "avg_precision": 0.20117405400742638
      },
      "best_params": {
        "C": 0.1,
        "penalty": "l2"
      }
    },
    "random_forest": {
      "val_metrics": {
        "roc_auc": 0.6475467700631437,
        "f1": 0.2585973869950443,
        "precision": 0.17376387487386477,
        "recall": 0.5052816901408451,
        "accuracy": 0.676580412708811,
        "avg_precision": 0.21443348193030548
      },
      "test_metrics": {
        "roc_auc": 0.6486888664781255,
        "f1": 0.25984486873508356,
        "precision": 0.1742,
        "recall": 0.511150234741784,
        "accuracy": 0.6749426793318047,
        "avg_precision": 0.20567243090918647
      },
      "best_params": {
        "max_depth": 8,
        "max_features": "sqrt",
        "n_estimators": 100
      }
    },
    "xgboost": {
      "val_metrics": {
        "roc_auc": 0.6419213236798565,
        "f1": 0.20735024353216522,
        "precision": 0.11619992910315491,
        "recall": 0.9618544600938967,
        "accuracy": 0.17910252210940059,
        "avg_precision": 0.20820258740395153
      },
      "test_metrics": {
        "roc_auc": 0.6470798959872847,
        "f1": 0.21023232194998095,
        "precision": 0.11786476868327402,
        "recall": 0.971830985915493,
        "accuracy": 0.18493285293154274,
        "avg_precision": 0.19863781947005096
      },
      "best_params": {
        "learning_rate": 0.1,
        "max_depth": 4,
        "n_estimators": 100,
        "scale_pos_weight": 8
      }
    }
  }
}