{
  "best_model": "random_forest",
  "available_models": [
    "logistic_regression",
    "random_forest",
    "xgboost",
    "lightgbm"
  ],
  "val_metrics": {
    "roc_auc": 0.6373300310603138,
    "f1": 0.01451378809869376,
    "precision": 0.625,
    "recall": 0.007342143906020558,
    "accuracy": 0.8887979037012774,
    "avg_precision": 0.1829643883337222
  },
  "test_metrics": {
    "roc_auc": 0.6644628574485034,
    "f1": 0.024124066628374498,
    "precision": 0.5675675675675675,
    "recall": 0.01232394366197183,
    "accuracy": 0.8886996396986571,
    "avg_precision": 0.20083919752594673
  },
  "all_results": {
    "logistic_regression": {
      "val_metrics": {
        "roc_auc": 0.6205593563274393,
        "f1": 0.01440922190201729,
        "precision": 0.38461538461538464,
        "recall": 0.007342143906020558,
        "accuracy": 0.8879790370127744,
        "avg_precision": 0.1682940141696793
      },
      "test_metrics": {
        "roc_auc": 0.6544661870394008,
        "f1": 0.022988505747126436,
        "precision": 0.5555555555555556,
        "recall": 0.011737089201877934,
        "accuracy": 0.8886341303635769,
        "avg_precision": 0.19249707647058759
      },
      "best_params": {
        "C": 0.01,
        "penalty": "l2"
      }
    },
    "random_forest": {
      "val_metrics": {
        "roc_auc": 0.6373300310603138,
        "f1": 0.01451378809869376,
        "precision": 0.625,
        "recall": 0.007342143906020558,
        "accuracy": 0.8887979037012774,
        "avg_precision": 0.1829643883337222
      },
      "test_metrics": {
        "roc_auc": 0.6644628574485034,
        "f1": 0.024124066628374498,
        "precision": 0.5675675675675675,
        "recall": 0.01232394366197183,
        "accuracy": 0.8886996396986571,
        "avg_precision": 0.20083919752594673
      },
      "best_params": {
        "max_depth": 10,
        "max_features": "sqrt",
        "n_estimators": 200
      }
    },
    "xgboost": {
      "val_metrics": {
        "roc_auc": 0.6362693788613925,
        "f1": 0.008746355685131196,
        "precision": 0.6,
        "recall": 0.004405286343612335,
        "accuracy": 0.8886341303635769,
        "avg_precision": 0.18788235188765795
      },
      "test_metrics": {
        "roc_auc": 0.6681964436126382,
        "f1": 0.010501750291715286,
        "precision": 0.9,
        "recall": 0.00528169014084507,
        "accuracy": 0.8888961677038978,
        "avg_precision": 0.21089808315585098
      },
      "best_params": {
        "learning_rate": 0.1,
        "max_depth": 5,
        "n_estimators": 200,
        "scale_pos_weight": 8
      }
    },
    "lightgbm": {
      "val_metrics": {
        "roc_auc": 0.6391064915379254,
        "f1": 0.005856515373352855,
        "precision": 1.0,
        "recall": 0.002936857562408223,
        "accuracy": 0.8887979037012774,
        "avg_precision": 0.19012482504018102
      },
      "test_metrics": {
        "roc_auc": 0.6758922386171612,
        "f1": 0.00468384074941452,
        "precision": 1.0,
        "recall": 0.002347417840375587,
        "accuracy": 0.8886341303635769,
        "avg_precision": 0.21191817989593034
      },
      "best_params": {
        "learning_rate": 0.05,
        "min_child_samples": 20,
        "n_estimators": 300,
        "num_leaves": 63
      }
    }
  }
}